,Sentiment,T-Statistic,P-Value
0,Negative,-2.39096769511,0.0171714291282
1,Neutral,4.4021285293,1.31048874427e-05
2,Positive,-3.10411017712,0.0020162233899
3,Compound,-2.28219139399,0.0228955856429
